{
    "roc_auc": 0.7446,
    "average_precision": 0.1171,
    "accuracy": 0.8915,
    "classification_report": {
        "0.0": {
            "precision": 0.9763358778625955,
            "recall": 0.9096728307254623,
            "f1-score": 0.9418262150220913,
            "support": 1406.0
        },
        "1.0": {
            "precision": 0.13013698630136986,
            "recall": 0.38,
            "f1-score": 0.19387755102040816,
            "support": 50.0
        },
        "accuracy": 0.8914835164835165,
        "macro avg": {
            "precision": 0.5532364320819827,
            "recall": 0.6448364153627312,
            "f1-score": 0.5678518830212498,
            "support": 1456.0
        },
        "weighted avg": {
            "precision": 0.9472768499930478,
            "recall": 0.8914835164835165,
            "f1-score": 0.9161411647473082,
            "support": 1456.0
        }
    }
}