{
    "roc_auc": 0.6077,
    "average_precision": 0.0536,
    "accuracy": 0.8771,
    "classification_report": {
        "0.0": {
            "precision": 0.9686783804430863,
            "recall": 0.9018492176386913,
            "f1-score": 0.9340699815837937,
            "support": 1406.0
        },
        "1.0": {
            "precision": 0.061224489795918366,
            "recall": 0.18,
            "f1-score": 0.09137055837563451,
            "support": 50.0
        },
        "accuracy": 0.8770604395604396,
        "macro avg": {
            "precision": 0.5149514351195024,
            "recall": 0.5409246088193457,
            "f1-score": 0.5127202699797141,
            "support": 1456.0
        },
        "weighted avg": {
            "precision": 0.937515815517016,
            "recall": 0.8770604395604396,
            "f1-score": 0.9051311277648323,
            "support": 1456.0
        }
    }
}