{
    "roc_auc": 0.7835,
    "average_precision": 0.2405,
    "accuracy": 0.8573,
    "classification_report": {
        "0": {
            "precision": 0.9251680795089156,
            "recall": 0.9169926119078662,
            "f1-score": 0.9210622044379775,
            "support": 6903.0
        },
        "1": {
            "precision": 0.24704336399474375,
            "recall": 0.26857142857142857,
            "f1-score": 0.25735797399041754,
            "support": 700.0
        },
        "accuracy": 0.857293173747205,
        "macro avg": {
            "precision": 0.5861057217518296,
            "recall": 0.5927820202396474,
            "f1-score": 0.5892100892141975,
            "support": 7603.0
        },
        "weighted avg": {
            "precision": 0.8627338692156208,
            "recall": 0.857293173747205,
            "f1-score": 0.8599556726329937,
            "support": 7603.0
        }
    }
}