{
    "roc_auc": 0.7587,
    "average_precision": 0.3197,
    "accuracy": 0.8802,
    "classification_report": {
        "0": {
            "precision": 0.9378836597486115,
            "recall": 0.9295958279009127,
            "f1-score": 0.9337213532193525,
            "support": 6903.0
        },
        "1": {
            "precision": 0.36136662286465177,
            "recall": 0.39285714285714285,
            "f1-score": 0.37645448323066394,
            "support": 700.0
        },
        "accuracy": 0.8801788767591741,
        "macro avg": {
            "precision": 0.6496251413066316,
            "recall": 0.6612264853790277,
            "f1-score": 0.6550879182250082,
            "support": 7603.0
        },
        "weighted avg": {
            "precision": 0.884804358707079,
            "recall": 0.8801788767591741,
            "f1-score": 0.8824143942568269,
            "support": 7603.0
        }
    }
}