{
    "roc_auc": 0.6012,
    "average_precision": 0.1524,
    "accuracy": 0.8511,
    "classification_report": {
        "0": {
            "precision": 0.9189777842311602,
            "recall": 0.916847747356222,
            "f1-score": 0.9179115300942712,
            "support": 6903.0
        },
        "1": {
            "precision": 0.19832402234636873,
            "recall": 0.20285714285714285,
            "f1-score": 0.20056497175141244,
            "support": 700.0
        },
        "accuracy": 0.8511114033933973,
        "macro avg": {
            "precision": 0.5586509032887644,
            "recall": 0.5598524451066824,
            "f1-score": 0.5592382509228419,
            "support": 7603.0
        },
        "weighted avg": {
            "precision": 0.8526279705629564,
            "recall": 0.8511114033933973,
            "f1-score": 0.8518662070849325,
            "support": 7603.0
        }
    }
}