{
    "roc_auc": 0.7532,
    "average_precision": 0.0457,
    "accuracy": 0.8834,
    "classification_report": {
        "0": {
            "precision": 0.9781659388646288,
            "recall": 0.900804289544236,
            "f1-score": 0.9378925331472435,
            "support": 6714.0
        },
        "1": {
            "precision": 0.03056768558951965,
            "recall": 0.1346153846153846,
            "f1-score": 0.0498220640569395,
            "support": 156.0
        },
        "accuracy": 0.883406113537118,
        "macro avg": {
            "precision": 0.5043668122270742,
            "recall": 0.5177098370798103,
            "f1-score": 0.4938572986020915,
            "support": 6870.0
        },
        "weighted avg": {
            "precision": 0.9566484239430979,
            "recall": 0.883406113537118,
            "f1-score": 0.9177267408360226,
            "support": 6870.0
        }
    }
}