{
    "roc_auc": 0.4991,
    "average_precision": 0.0431,
    "accuracy": 0.8968,
    "classification_report": {
        "0": {
            "precision": 0.9795559814726083,
            "recall": 0.9134644027405422,
            "f1-score": 0.9453564547206166,
            "support": 6714.0
        },
        "1": {
            "precision": 0.04597701149425287,
            "recall": 0.1794871794871795,
            "f1-score": 0.07320261437908497,
            "support": 156.0
        },
        "accuracy": 0.8967976710334788,
        "macro avg": {
            "precision": 0.5127664964834305,
            "recall": 0.5464757911138608,
            "f1-score": 0.5092795345498508,
            "support": 6870.0
        },
        "weighted avg": {
            "precision": 0.9583568083551958,
            "recall": 0.8967976710334788,
            "f1-score": 0.9255520880403721,
            "support": 6870.0
        }
    }
}