{
    "roc_auc": 0.9469,
    "average_precision": 0.2578,
    "accuracy": 0.9109,
    "classification_report": {
        "0": {
            "precision": 0.9933699870633894,
            "recall": 0.9149538278224605,
            "f1-score": 0.9525507830671421,
            "support": 6714.0
        },
        "1": {
            "precision": 0.16763848396501457,
            "recall": 0.7371794871794872,
            "f1-score": 0.27315914489311166,
            "support": 156.0
        },
        "accuracy": 0.9109170305676856,
        "macro avg": {
            "precision": 0.580504235514202,
            "recall": 0.8260666575009739,
            "f1-score": 0.6128549639801268,
            "support": 6870.0
        },
        "weighted avg": {
            "precision": 0.9746197520585356,
            "recall": 0.9109170305676856,
            "f1-score": 0.9371235493618804,
            "support": 6870.0
        }
    }
}