{
    "roc_auc": 0.7365,
    "average_precision": 0.7208,
    "accuracy": 0.735,
    "classification_report": {
        "0": {
            "precision": 0.7088607594936709,
            "recall": 0.9955555555555555,
            "f1-score": 0.8280961182994455,
            "support": 225.0
        },
        "1": {
            "precision": 0.9714285714285714,
            "recall": 0.2698412698412698,
            "f1-score": 0.422360248447205,
            "support": 126.0
        },
        "accuracy": 0.7350427350427351,
        "macro avg": {
            "precision": 0.8401446654611211,
            "recall": 0.6326984126984126,
            "f1-score": 0.6252281833733253,
            "support": 351.0
        },
        "weighted avg": {
            "precision": 0.8031158714703018,
            "recall": 0.7350427350427351,
            "f1-score": 0.6824473445063336,
            "support": 351.0
        }
    }
}