{
    "roc_auc": 0.6219,
    "average_precision": 0.4274,
    "accuracy": 0.6154,
    "classification_report": {
        "0": {
            "precision": 0.6424050632911392,
            "recall": 0.9022222222222223,
            "f1-score": 0.7504621072088724,
            "support": 225.0
        },
        "1": {
            "precision": 0.37142857142857144,
            "recall": 0.10317460317460317,
            "f1-score": 0.16149068322981366,
            "support": 126.0
        },
        "accuracy": 0.6153846153846154,
        "macro avg": {
            "precision": 0.5069168173598553,
            "recall": 0.5026984126984128,
            "f1-score": 0.455976395219343,
            "support": 351.0
        },
        "weighted avg": {
            "precision": 0.5451314508276534,
            "recall": 0.6153846153846154,
            "f1-score": 0.5390364678317744,
            "support": 351.0
        }
    }
}