{
    "roc_auc": 0.8939,
    "average_precision": 0.8391,
    "accuracy": 0.7179,
    "classification_report": {
        "0": {
            "precision": 0.6981132075471698,
            "recall": 0.9866666666666667,
            "f1-score": 0.8176795580110497,
            "support": 225.0
        },
        "1": {
            "precision": 0.9090909090909091,
            "recall": 0.23809523809523808,
            "f1-score": 0.37735849056603776,
            "support": 126.0
        },
        "accuracy": 0.717948717948718,
        "macro avg": {
            "precision": 0.8036020583190394,
            "recall": 0.6123809523809524,
            "f1-score": 0.5975190242885438,
            "support": 351.0
        },
        "weighted avg": {
            "precision": 0.7738487927167172,
            "recall": 0.717948717948718,
            "f1-score": 0.6596155850820711,
            "support": 351.0
        }
    }
}