{
    "roc_auc": 0.839,
    "average_precision": 0.7648,
    "accuracy": 0.7236,
    "classification_report": {
        "0": {
            "precision": 0.7025316455696202,
            "recall": 0.9866666666666667,
            "f1-score": 0.8207024029574861,
            "support": 225.0
        },
        "1": {
            "precision": 0.9142857142857143,
            "recall": 0.25396825396825395,
            "f1-score": 0.39751552795031053,
            "support": 126.0
        },
        "accuracy": 0.7236467236467237,
        "macro avg": {
            "precision": 0.8084086799276673,
            "recall": 0.6203174603174604,
            "f1-score": 0.6091089654538984,
            "support": 351.0
        },
        "weighted avg": {
            "precision": 0.7785459266471924,
            "recall": 0.7236467236467237,
            "f1-score": 0.668789165775423,
            "support": 351.0
        }
    }
}