{
    "roc_auc": 0.5396,
    "average_precision": 0.3989,
    "accuracy": 0.6484,
    "classification_report": {
        "0": {
            "precision": 0.6666666666666666,
            "recall": 0.92,
            "f1-score": 0.773109243697479,
            "support": 500.0
        },
        "1": {
            "precision": 0.48717948717948717,
            "recall": 0.1417910447761194,
            "f1-score": 0.21965317919075145,
            "support": 268.0
        },
        "accuracy": 0.6484375,
        "macro avg": {
            "precision": 0.5769230769230769,
            "recall": 0.5308955223880597,
            "f1-score": 0.49638121144411523,
            "support": 768.0
        },
        "weighted avg": {
            "precision": 0.6040331196581197,
            "recall": 0.6484375,
            "f1-score": 0.5799761378539855,
            "support": 768.0
        }
    }
}