{
    "roc_auc": 0.9492,
    "average_precision": 0.6155,
    "accuracy": 0.9233,
    "classification_report": {
        "0.0": {
            "precision": 0.9823529411764705,
            "recall": 0.9355742296918768,
            "f1-score": 0.9583931133428981,
            "support": 357.0
        },
        "1.0": {
            "precision": 0.39473684210526316,
            "recall": 0.7142857142857143,
            "f1-score": 0.5084745762711864,
            "support": 21.0
        },
        "accuracy": 0.9232804232804233,
        "macro avg": {
            "precision": 0.6885448916408669,
            "recall": 0.8249299719887955,
            "f1-score": 0.7334338448070423,
            "support": 378.0
        },
        "weighted avg": {
            "precision": 0.9497076023391813,
            "recall": 0.9232804232804233,
            "f1-score": 0.9333976390611363,
            "support": 378.0
        }
    }
}