{
    "roc_auc": 0.9037,
    "average_precision": 0.2987,
    "accuracy": 0.9045,
    "classification_report": {
        "0.0": {
            "precision": 0.995787054768288,
            "recall": 0.9071877180739707,
            "f1-score": 0.9494248676282636,
            "support": 5732.0
        },
        "1.0": {
            "precision": 0.08433734939759036,
            "recall": 0.6901408450704225,
            "f1-score": 0.15030674846625766,
            "support": 71.0
        },
        "accuracy": 0.9045321385490264,
        "macro avg": {
            "precision": 0.5400622020829392,
            "recall": 0.7986642815721966,
            "f1-score": 0.5498658080472606,
            "support": 5803.0
        },
        "weighted avg": {
            "precision": 0.9846354212888259,
            "recall": 0.9045321385490264,
            "f1-score": 0.939647616816528,
            "support": 5803.0
        }
    }
}