{
    "roc_auc": 0.9121,
    "average_precision": 0.1992,
    "accuracy": 0.9035,
    "classification_report": {
        "0.0": {
            "precision": 0.995212562236691,
            "recall": 0.9066643405443127,
            "f1-score": 0.9488771225123243,
            "support": 5732.0
        },
        "1.0": {
            "precision": 0.07917383820998279,
            "recall": 0.647887323943662,
            "f1-score": 0.1411042944785276,
            "support": 71.0
        },
        "accuracy": 0.9034981905910736,
        "macro avg": {
            "precision": 0.5371932002233368,
            "recall": 0.7772758322439873,
            "f1-score": 0.544990708495426,
            "support": 5803.0
        },
        "weighted avg": {
            "precision": 0.9840047818806861,
            "recall": 0.9034981905910736,
            "f1-score": 0.9389939808975734,
            "support": 5803.0
        }
    }
}