{
    "roc_auc": 0.9941,
    "average_precision": 0.9154,
    "accuracy": 0.9114,
    "classification_report": {
        "0.0": {
            "precision": 0.9996170049789352,
            "recall": 0.9106769016050245,
            "f1-score": 0.9530765017345262,
            "support": 5732.0
        },
        "1.0": {
            "precision": 0.11876075731497418,
            "recall": 0.971830985915493,
            "f1-score": 0.2116564417177914,
            "support": 71.0
        },
        "accuracy": 0.9114251249353783,
        "macro avg": {
            "precision": 0.5591888811469548,
            "recall": 0.9412539437602587,
            "f1-score": 0.5823664717261587,
            "support": 5803.0
        },
        "weighted avg": {
            "precision": 0.988839684009757,
            "recall": 0.9114251249353783,
            "f1-score": 0.9440051896095584,
            "support": 5803.0
        }
    }
}