{
    "roc_auc": 0.9837,
    "average_precision": 0.7958,
    "accuracy": 0.9104,
    "classification_report": {
        "0.0": {
            "precision": 0.9990425124473382,
            "recall": 0.9101535240753663,
            "f1-score": 0.9525287566185868,
            "support": 5732.0
        },
        "1.0": {
            "precision": 0.11359724612736662,
            "recall": 0.9295774647887324,
            "f1-score": 0.20245398773006135,
            "support": 71.0
        },
        "accuracy": 0.9103911769774254,
        "macro avg": {
            "precision": 0.5563198792873524,
            "recall": 0.9198654944320493,
            "f1-score": 0.5774913721743241,
            "support": 5803.0
        },
        "weighted avg": {
            "precision": 0.9882090446016173,
            "recall": 0.9103911769774254,
            "f1-score": 0.9433515536906039,
            "support": 5803.0
        }
    }
}