{
    "roc_auc": 0.8553,
    "average_precision": 0.4091,
    "accuracy": 0.9033,
    "classification_report": {
        "0.0": {
            "precision": 0.9843920145190562,
            "recall": 0.9146711635750422,
            "f1-score": 0.9482517482517483,
            "support": 2965.0
        },
        "1.0": {
            "precision": 0.1758957654723127,
            "recall": 0.5567010309278351,
            "f1-score": 0.26732673267326734,
            "support": 97.0
        },
        "accuracy": 0.9033311561071196,
        "macro avg": {
            "precision": 0.5801438899956844,
            "recall": 0.7356860972514386,
            "f1-score": 0.6077892404625078,
            "support": 3062.0
        },
        "weighted avg": {
            "precision": 0.9587799517634931,
            "recall": 0.9033311561071196,
            "f1-score": 0.9266809688555652,
            "support": 3062.0
        }
    }
}