{
    "roc_auc": 0.9047,
    "average_precision": 0.5496,
    "accuracy": 0.9131,
    "classification_report": {
        "0.0": {
            "precision": 0.9898366606170599,
            "recall": 0.9197301854974705,
            "f1-score": 0.9534965034965035,
            "support": 2965.0
        },
        "1.0": {
            "precision": 0.2247557003257329,
            "recall": 0.711340206185567,
            "f1-score": 0.3415841584158416,
            "support": 97.0
        },
        "accuracy": 0.9131286740692358,
        "macro avg": {
            "precision": 0.6072961804713963,
            "recall": 0.8155351958415188,
            "f1-score": 0.6475403309561726,
            "support": 3062.0
        },
        "weighted avg": {
            "precision": 0.9655999352257278,
            "recall": 0.9131286740692358,
            "f1-score": 0.9341119517418256,
            "support": 3062.0
        }
    }
}