{
    "roc_auc": 0.7683,
    "average_precision": 0.0742,
    "accuracy": 0.885,
    "classification_report": {
        "0.0": {
            "precision": 0.9738846572361263,
            "recall": 0.9055649241146712,
            "f1-score": 0.9384830478853547,
            "support": 2965.0
        },
        "1.0": {
            "precision": 0.08196721311475409,
            "recall": 0.25773195876288657,
            "f1-score": 0.12437810945273632,
            "support": 97.0
        },
        "accuracy": 0.8850424559111691,
        "macro avg": {
            "precision": 0.5279259351754402,
            "recall": 0.5816484414387788,
            "f1-score": 0.5314305786690455,
            "support": 3062.0
        },
        "weighted avg": {
            "precision": 0.9456299243557302,
            "recall": 0.8850424559111691,
            "f1-score": 0.9126933094699516,
            "support": 3062.0
        }
    }
}