{
    "roc_auc": 0.8662,
    "average_precision": 0.172,
    "accuracy": 0.9242,
    "classification_report": {
        "0.0": {
            "precision": 0.9830328738069989,
            "recall": 0.9379426644182125,
            "f1-score": 0.959958577839144,
            "support": 2965.0
        },
        "1.0": {
            "precision": 0.21030042918454936,
            "recall": 0.5051546391752577,
            "f1-score": 0.296969696969697,
            "support": 97.0
        },
        "accuracy": 0.9242325277596343,
        "macro avg": {
            "precision": 0.5966666514957741,
            "recall": 0.7215486517967351,
            "f1-score": 0.6284641374044204,
            "support": 3062.0
        },
        "weighted avg": {
            "precision": 0.9585537597872806,
            "recall": 0.9242325277596343,
            "f1-score": 0.9389559908227049,
            "support": 3062.0
        }
    }
}