{
    "roc_auc": 0.7178,
    "average_precision": 0.0541,
    "accuracy": 0.8834,
    "classification_report": {
        "0.0": {
            "precision": 0.9748615253515126,
            "recall": 0.9032767469403868,
            "f1-score": 0.9377049180327869,
            "support": 5066.0
        },
        "1.0": {
            "precision": 0.06130268199233716,
            "recall": 0.21333333333333335,
            "f1-score": 0.09523809523809523,
            "support": 150.0
        },
        "accuracy": 0.8834355828220859,
        "macro avg": {
            "precision": 0.5180821036719249,
            "recall": 0.5583050401368601,
            "f1-score": 0.5164715066354411,
            "support": 5216.0
        },
        "weighted avg": {
            "precision": 0.9485897027855853,
            "recall": 0.8834355828220859,
            "f1-score": 0.9134775362422954,
            "support": 5216.0
        }
    }
}