{
    "roc_auc": 0.4285,
    "average_precision": 0.0233,
    "accuracy": 0.8744,
    "classification_report": {
        "0.0": {
            "precision": 0.9691554988300362,
            "recall": 0.8993288590604027,
            "f1-score": 0.9329374424081089,
            "support": 5066.0
        },
        "1.0": {
            "precision": 0.009708737864077669,
            "recall": 0.03333333333333333,
            "f1-score": 0.015037593984962405,
            "support": 150.0
        },
        "accuracy": 0.8744248466257669,
        "macro avg": {
            "precision": 0.4894321183470569,
            "recall": 0.466331096196868,
            "f1-score": 0.4739875181965357,
            "support": 5216.0
        },
        "weighted avg": {
            "precision": 0.9415640467317052,
            "recall": 0.8744248466257669,
            "f1-score": 0.9065407826566765,
            "support": 5216.0
        }
    }
}