{
    "roc_auc": 0.9975,
    "average_precision": 0.981,
    "accuracy": 0.9695,
    "classification_report": {
        "0": {
            "precision": 0.9988684454703872,
            "recall": 0.9682139253279516,
            "f1-score": 0.9833023292081138,
            "support": 45586.0
        },
        "1": {
            "precision": 0.704887983706721,
            "recall": 0.9857590430076901,
            "f1-score": 0.8219926374539841,
            "support": 3511.0
        },
        "accuracy": 0.9694686029696316,
        "macro avg": {
            "precision": 0.8518782145885542,
            "recall": 0.9769864841678209,
            "f1-score": 0.9026474833310489,
            "support": 49097.0
        },
        "weighted avg": {
            "precision": 0.9778454623705597,
            "recall": 0.9694686029696316,
            "f1-score": 0.9717668315657171,
            "support": 49097.0
        }
    }
}