{
    "roc_auc": 0.521,
    "average_precision": 0.1085,
    "accuracy": 0.8624,
    "classification_report": {
        "0": {
            "precision": 0.932676665255276,
            "recall": 0.9180888869389725,
            "f1-score": 0.9253252854884534,
            "support": 45586.0
        },
        "1": {
            "precision": 0.11600378787878787,
            "recall": 0.13956137852463685,
            "f1-score": 0.12669683257918551,
            "support": 3511.0
        },
        "accuracy": 0.8624152188524757,
        "macro avg": {
            "precision": 0.5243402265670319,
            "recall": 0.5288251327318046,
            "f1-score": 0.5260110590338194,
            "support": 49097.0
        },
        "weighted avg": {
            "precision": 0.8742751647059788,
            "recall": 0.8624152188524757,
            "f1-score": 0.8682141687569943,
            "support": 49097.0
        }
    }
}