{
    "roc_auc": 0.6214,
    "average_precision": 0.1707,
    "accuracy": 0.8625,
    "classification_report": {
        "0": {
            "precision": 0.9394165704845316,
            "recall": 0.9105865836002281,
            "f1-score": 0.9247769373865193,
            "support": 45586.0
        },
        "1": {
            "precision": 0.16985743380855398,
            "recall": 0.23753916263172886,
            "f1-score": 0.19807623797648735,
            "support": 3511.0
        },
        "accuracy": 0.8624559545389738,
        "macro avg": {
            "precision": 0.5546370021465428,
            "recall": 0.5740628731159785,
            "f1-score": 0.5614265876815033,
            "support": 49097.0
        },
        "weighted avg": {
            "precision": 0.8843842440925044,
            "recall": 0.8624559545389738,
            "f1-score": 0.8728094820302119,
            "support": 49097.0
        }
    }
}