{
    "roc_auc": 0.8265,
    "average_precision": 0.3516,
    "accuracy": 0.9079,
    "classification_report": {
        "0": {
            "precision": 0.9617676824468683,
            "recall": 0.9381169657350941,
            "f1-score": 0.9497951161008762,
            "support": 45586.0
        },
        "1": {
            "precision": 0.3909758203799655,
            "recall": 0.515807462261464,
            "f1-score": 0.44479921404887635,
            "support": 3511.0
        },
        "accuracy": 0.9079169806709168,
        "macro avg": {
            "precision": 0.6763717514134169,
            "recall": 0.726962213998279,
            "f1-score": 0.6972971650748763,
            "support": 49097.0
        },
        "weighted avg": {
            "precision": 0.9209495015454507,
            "recall": 0.9079169806709168,
            "f1-score": 0.9136821028392803,
            "support": 49097.0
        }
    }
}