{
    "roc_auc": 0.5425,
    "average_precision": 0.1147,
    "accuracy": 0.9285,
    "classification_report": {
        "0": {
            "precision": 0.9284885023524859,
            "recall": 1.0,
            "f1-score": 0.9629183697179008,
            "support": 45586.0
        },
        "1": {
            "precision": 0.0,
            "recall": 0.0,
            "f1-score": 0.0,
            "support": 3511.0
        },
        "accuracy": 0.9284885023524859,
        "macro avg": {
            "precision": 0.46424425117624296,
            "recall": 0.5,
            "f1-score": 0.4814591848589504,
            "support": 49097.0
        },
        "weighted avg": {
            "precision": 0.8620908990007622,
            "recall": 0.9284885023524859,
            "f1-score": 0.8940586349870709,
            "support": 49097.0
        }
    }
}