{
    "roc_auc": 1.0,
    "average_precision": 1.0,
    "accuracy": 0.9392,
    "classification_report": {
        "0.0": {
            "precision": 1.0,
            "recall": 0.9366197183098591,
            "f1-score": 0.9672727272727273,
            "support": 142.0
        },
        "1.0": {
            "precision": 0.4,
            "recall": 1.0,
            "f1-score": 0.5714285714285714,
            "support": 6.0
        },
        "accuracy": 0.9391891891891891,
        "macro avg": {
            "precision": 0.7,
            "recall": 0.9683098591549295,
            "f1-score": 0.7693506493506493,
            "support": 148.0
        },
        "weighted avg": {
            "precision": 0.9756756756756757,
            "recall": 0.9391891891891891,
            "f1-score": 0.951224991224991,
            "support": 148.0
        }
    }
}