{
    "roc_auc": 0.9683,
    "average_precision": 0.7128,
    "accuracy": 0.9122,
    "classification_report": {
        "0.0": {
            "precision": 0.9849624060150376,
            "recall": 0.9225352112676056,
            "f1-score": 0.9527272727272728,
            "support": 142.0
        },
        "1.0": {
            "precision": 0.26666666666666666,
            "recall": 0.6666666666666666,
            "f1-score": 0.38095238095238093,
            "support": 6.0
        },
        "accuracy": 0.9121621621621622,
        "macro avg": {
            "precision": 0.6258145363408522,
            "recall": 0.7946009389671361,
            "f1-score": 0.6668398268398268,
            "support": 148.0
        },
        "weighted avg": {
            "precision": 0.9558423084738874,
            "recall": 0.9121621621621622,
            "f1-score": 0.9295472095472095,
            "support": 148.0
        }
    }
}