{
    "roc_auc": 0.5833,
    "average_precision": 0.2834,
    "accuracy": 0.8851,
    "classification_report": {
        "0.0": {
            "precision": 0.9699248120300752,
            "recall": 0.9084507042253521,
            "f1-score": 0.9381818181818182,
            "support": 142.0
        },
        "1.0": {
            "precision": 0.13333333333333333,
            "recall": 0.3333333333333333,
            "f1-score": 0.19047619047619047,
            "support": 6.0
        },
        "accuracy": 0.8851351351351351,
        "macro avg": {
            "precision": 0.5516290726817042,
            "recall": 0.6208920187793427,
            "f1-score": 0.5643290043290043,
            "support": 148.0
        },
        "weighted avg": {
            "precision": 0.9360089412720992,
            "recall": 0.8851351351351351,
            "f1-score": 0.9078694278694278,
            "support": 148.0
        }
    }
}