{
    "roc_auc": 0.4765,
    "average_precision": 0.3089,
    "accuracy": 0.6491,
    "classification_report": {
        "0": {
            "precision": 0.6848558107408047,
            "recall": 0.9015685383041601,
            "f1-score": 0.7784102060843965,
            "support": 4399.0
        },
        "1": {
            "precision": 0.327639751552795,
            "recall": 0.10363457760314342,
            "f1-score": 0.15746268656716417,
            "support": 2036.0
        },
        "accuracy": 0.6491064491064491,
        "macro avg": {
            "precision": 0.5062477811467998,
            "recall": 0.5026015579536517,
            "f1-score": 0.46793644632578035,
            "support": 6435.0
        },
        "weighted avg": {
            "precision": 0.5718345370023761,
            "recall": 0.6491064491064491,
            "f1-score": 0.5819456917507392,
            "support": 6435.0
        }
    }
}