{
    "roc_auc": 0.5337,
    "average_precision": 0.3478,
    "accuracy": 0.66,
    "classification_report": {
        "0": {
            "precision": 0.6908996719046797,
            "recall": 0.9095248920209138,
            "f1-score": 0.785279685966634,
            "support": 4399.0
        },
        "1": {
            "precision": 0.38198757763975155,
            "recall": 0.12082514734774066,
            "f1-score": 0.18358208955223881,
            "support": 2036.0
        },
        "accuracy": 0.65998445998446,
        "macro avg": {
            "precision": 0.5364436247722156,
            "recall": 0.5151750196843272,
            "f1-score": 0.48443088775943643,
            "support": 6435.0
        },
        "weighted avg": {
            "precision": 0.5931615174488298,
            "recall": 0.65998445998446,
            "f1-score": 0.5949057455937189,
            "support": 6435.0
        }
    }
}