{
    "roc_auc": 0.5417,
    "average_precision": 0.3724,
    "accuracy": 0.6813,
    "classification_report": {
        "0": {
            "precision": 0.6993885869565217,
            "recall": 0.9361218458740623,
            "f1-score": 0.8006221444541655,
            "support": 4399.0
        },
        "1": {
            "precision": 0.48628884826325414,
            "recall": 0.13064833005893908,
            "f1-score": 0.20596205962059622,
            "support": 2036.0
        },
        "accuracy": 0.6812742812742812,
        "macro avg": {
            "precision": 0.5928387176098879,
            "recall": 0.5333850879665007,
            "f1-score": 0.5032921020373808,
            "support": 6435.0
        },
        "weighted avg": {
            "precision": 0.6319649555688771,
            "recall": 0.6812742812742812,
            "f1-score": 0.6124748355619903,
            "support": 6435.0
        }
    }
}