{
    "roc_auc": 0.8347,
    "average_precision": 0.1462,
    "accuracy": 0.8832,
    "classification_report": {
        "0.0": {
            "precision": 0.9639175257731959,
            "recall": 0.9121951219512195,
            "f1-score": 0.9373433583959899,
            "support": 205.0
        },
        "1.0": {
            "precision": 0.1,
            "recall": 0.2222222222222222,
            "f1-score": 0.13793103448275862,
            "support": 9.0
        },
        "accuracy": 0.883177570093458,
        "macro avg": {
            "precision": 0.5319587628865979,
            "recall": 0.5672086720867209,
            "f1-score": 0.5376371964393742,
            "support": 214.0
        },
        "weighted avg": {
            "precision": 0.9275845457173139,
            "recall": 0.883177570093458,
            "f1-score": 0.9037232139323493,
            "support": 214.0
        }
    }
}