{
    "roc_auc": 0.8282,
    "average_precision": 0.2429,
    "accuracy": 0.8832,
    "classification_report": {
        "0.0": {
            "precision": 0.96875,
            "recall": 0.9073170731707317,
            "f1-score": 0.9370277078085643,
            "support": 205.0
        },
        "1.0": {
            "precision": 0.13636363636363635,
            "recall": 0.3333333333333333,
            "f1-score": 0.1935483870967742,
            "support": 9.0
        },
        "accuracy": 0.883177570093458,
        "macro avg": {
            "precision": 0.5525568181818181,
            "recall": 0.6203252032520326,
            "f1-score": 0.5652880474526693,
            "support": 214.0
        },
        "weighted avg": {
            "precision": 0.9337430968564145,
            "recall": 0.883177570093458,
            "f1-score": 0.9057598859094703,
            "support": 214.0
        }
    }
}