{
    "roc_auc": 0.4011,
    "average_precision": 0.0468,
    "accuracy": 0.8645,
    "classification_report": {
        "0.0": {
            "precision": 0.9583333333333334,
            "recall": 0.8975609756097561,
            "f1-score": 0.9269521410579346,
            "support": 205.0
        },
        "1.0": {
            "precision": 0.045454545454545456,
            "recall": 0.1111111111111111,
            "f1-score": 0.06451612903225806,
            "support": 9.0
        },
        "accuracy": 0.8644859813084113,
        "macro avg": {
            "precision": 0.5018939393939394,
            "recall": 0.5043360433604336,
            "f1-score": 0.49573413504509634,
            "support": 214.0
        },
        "weighted avg": {
            "precision": 0.9199412347776834,
            "recall": 0.8644859813084113,
            "f1-score": 0.8906814676549856,
            "support": 214.0
        }
    }
}