{
    "roc_auc": 0.381,
    "average_precision": 0.0412,
    "accuracy": 0.8551,
    "classification_report": {
        "0.0": {
            "precision": 0.953125,
            "recall": 0.8926829268292683,
            "f1-score": 0.9219143576826196,
            "support": 205.0
        },
        "1.0": {
            "precision": 0.0,
            "recall": 0.0,
            "f1-score": 0.0,
            "support": 9.0
        },
        "accuracy": 0.8551401869158879,
        "macro avg": {
            "precision": 0.4765625,
            "recall": 0.44634146341463415,
            "f1-score": 0.4609571788413098,
            "support": 214.0
        },
        "weighted avg": {
            "precision": 0.9130403037383178,
            "recall": 0.8551401869158879,
            "f1-score": 0.8831422585277431,
            "support": 214.0
        }
    }
}