{
    "roc_auc": 0.6534,
    "average_precision": 0.3189,
    "accuracy": 0.8062,
    "classification_report": {
        "0": {
            "precision": 0.8450704225352113,
            "recall": 0.9332664325137983,
            "f1-score": 0.8869814020028612,
            "support": 7972.0
        },
        "1": {
            "precision": 0.45658835546475995,
            "recall": 0.24682495858641634,
            "f1-score": 0.3204301075268817,
            "support": 1811.0
        },
        "accuracy": 0.8061944188899111,
        "macro avg": {
            "precision": 0.6508293889999857,
            "recall": 0.5900456955501073,
            "f1-score": 0.6037057547648714,
            "support": 9783.0
        },
        "weighted avg": {
            "precision": 0.7731557722781749,
            "recall": 0.8061944188899111,
            "f1-score": 0.7821031034956549,
            "support": 9783.0
        }
    }
}