{
    "roc_auc": 0.4616,
    "average_precision": 0.1862,
    "accuracy": 0.758,
    "classification_report": {
        "0": {
            "precision": 0.8146483936194113,
            "recall": 0.9100263521144435,
            "f1-score": 0.859700077055302,
            "support": 7969.0
        },
        "1": {
            "precision": 0.18337129840546698,
            "recall": 0.08890115958034235,
            "f1-score": 0.11974711788769059,
            "support": 1811.0
        },
        "accuracy": 0.7579754601226993,
        "macro avg": {
            "precision": 0.49900984601243914,
            "recall": 0.49946375584739294,
            "f1-score": 0.4897235974714963,
            "support": 9780.0
        },
        "weighted avg": {
            "precision": 0.697752399812412,
            "recall": 0.7579754601226993,
            "f1-score": 0.722680157929275,
            "support": 9780.0
        }
    }
}