{
    "roc_auc": 0.4607,
    "average_precision": 0.1871,
    "accuracy": 0.7652,
    "classification_report": {
        "0": {
            "precision": 0.8187127934404134,
            "recall": 0.9143251379829402,
            "f1-score": 0.8638814814814815,
            "support": 7972.0
        },
        "1": {
            "precision": 0.22386363636363638,
            "recall": 0.10877967973495306,
            "f1-score": 0.14641397250092902,
            "support": 1811.0
        },
        "accuracy": 0.7652049473576612,
        "macro avg": {
            "precision": 0.5212882149020248,
            "recall": 0.5115524088589467,
            "f1-score": 0.5051477269912052,
            "support": 9783.0
        },
        "weighted avg": {
            "precision": 0.7085960783769315,
            "recall": 0.7652049473576612,
            "f1-score": 0.7310660200929728,
            "support": 9783.0
        }
    }
}