{
    "roc_auc": 0.4796,
    "average_precision": 0.1959,
    "accuracy": 0.7604,
    "classification_report": {
        "0": {
            "precision": 0.8195864576232674,
            "recall": 0.9052578742627683,
            "f1-score": 0.8602945560789458,
            "support": 7969.0
        },
        "1": {
            "precision": 0.2280163599182004,
            "recall": 0.12313638873550524,
            "f1-score": 0.15991394765148798,
            "support": 1811.0
        },
        "accuracy": 0.7604294478527608,
        "macro avg": {
            "precision": 0.5238014087707339,
            "recall": 0.5141971314991367,
            "f1-score": 0.5101042518652169,
            "support": 9780.0
        },
        "weighted avg": {
            "precision": 0.7100431603897422,
            "recall": 0.7604294478527608,
            "f1-score": 0.7306024004693215,
            "support": 9780.0
        }
    }
}