{
    "roc_auc": 0.4751,
    "average_precision": 0.1941,
    "accuracy": 0.762,
    "classification_report": {
        "0": {
            "precision": 0.8205361199454794,
            "recall": 0.9061716006021073,
            "f1-score": 0.8612303290414879,
            "support": 7972.0
        },
        "1": {
            "precision": 0.23595505617977527,
            "recall": 0.12755383765875208,
            "f1-score": 0.16559139784946236,
            "support": 1811.0
        },
        "accuracy": 0.7620361852192579,
        "macro avg": {
            "precision": 0.5282455880626273,
            "recall": 0.5168627191304297,
            "f1-score": 0.5134108634454752,
            "support": 9783.0
        },
        "weighted avg": {
            "precision": 0.712320203919752,
            "recall": 0.7620361852192579,
            "f1-score": 0.7324557093554245,
            "support": 9783.0
        }
    }
}