{
    "roc_auc": 0.6189,
    "average_precision": 0.3134,
    "accuracy": 0.7871,
    "classification_report": {
        "0": {
            "precision": 0.834412265758092,
            "recall": 0.9216006021073758,
            "f1-score": 0.8758419264469214,
            "support": 7972.0
        },
        "1": {
            "precision": 0.3609406952965235,
            "recall": 0.19491993373826616,
            "f1-score": 0.2531373252061671,
            "support": 1811.0
        },
        "accuracy": 0.7870796279259941,
        "macro avg": {
            "precision": 0.5976764805273078,
            "recall": 0.558260267922821,
            "f1-score": 0.5644896258265443,
            "support": 9783.0
        },
        "weighted avg": {
            "precision": 0.746764610222377,
            "recall": 0.7870796279259941,
            "f1-score": 0.7605686940185246,
            "support": 9783.0
        }
    }
}