{
    "roc_auc": 0.6241,
    "average_precision": 0.352,
    "accuracy": 0.8213,
    "classification_report": {
        "0": {
            "precision": 0.8524348810872027,
            "recall": 0.9441796287004516,
            "f1-score": 0.8959647660992739,
            "support": 7972.0
        },
        "1": {
            "precision": 0.5330535152151101,
            "recall": 0.28050800662617337,
            "f1-score": 0.3675832127351664,
            "support": 1811.0
        },
        "accuracy": 0.8213227026474497,
        "macro avg": {
            "precision": 0.6927441981511564,
            "recall": 0.6123438176633125,
            "f1-score": 0.6317739894172202,
            "support": 9783.0
        },
        "weighted avg": {
            "precision": 0.7933119480815439,
            "recall": 0.8213227026474497,
            "f1-score": 0.7981523370752118,
            "support": 9783.0
        }
    }
}