{
    "roc_auc": 0.6966,
    "average_precision": 0.3722,
    "accuracy": 0.8099,
    "classification_report": {
        "0": {
            "precision": 0.8456664403711247,
            "recall": 0.9378843016689673,
            "f1-score": 0.8893913250431368,
            "support": 7969.0
        },
        "1": {
            "precision": 0.4745222929936306,
            "recall": 0.24682495858641634,
            "f1-score": 0.32473665092626225,
            "support": 1811.0
        },
        "accuracy": 0.809918200408998,
        "macro avg": {
            "precision": 0.6600943666823776,
            "recall": 0.5923546301276919,
            "f1-score": 0.6070639879846995,
            "support": 9780.0
        },
        "weighted avg": {
            "precision": 0.7769402592974395,
            "recall": 0.809918200408998,
            "f1-score": 0.7848320597235396,
            "support": 9780.0
        }
    }
}