{
    "roc_auc": 0.7914,
    "average_precision": 0.4445,
    "accuracy": 0.8584,
    "classification_report": {
        "0": {
            "precision": 0.896551724137931,
            "recall": 0.9430051813471503,
            "f1-score": 0.9191919191919192,
            "support": 386.0
        },
        "1": {
            "precision": 0.5217391304347826,
            "recall": 0.36363636363636365,
            "f1-score": 0.42857142857142855,
            "support": 66.0
        },
        "accuracy": 0.8584070796460177,
        "macro avg": {
            "precision": 0.7091454272863569,
            "recall": 0.6533207724917569,
            "f1-score": 0.6738816738816739,
            "support": 452.0
        },
        "weighted avg": {
            "precision": 0.8418224516060554,
            "recall": 0.8584070796460177,
            "f1-score": 0.847552644012821,
            "support": 452.0
        }
    }
}