{
    "roc_auc": 0.7756,
    "average_precision": 0.4112,
    "accuracy": 0.854,
    "classification_report": {
        "0": {
            "precision": 0.8940886699507389,
            "recall": 0.9404145077720207,
            "f1-score": 0.9166666666666666,
            "support": 386.0
        },
        "1": {
            "precision": 0.5,
            "recall": 0.3484848484848485,
            "f1-score": 0.4107142857142857,
            "support": 66.0
        },
        "accuracy": 0.8539823008849557,
        "macro avg": {
            "precision": 0.6970443349753694,
            "recall": 0.6444496781284346,
            "f1-score": 0.6636904761904762,
            "support": 452.0
        },
        "weighted avg": {
            "precision": 0.836544749117224,
            "recall": 0.8539823008849557,
            "f1-score": 0.8427886641382215,
            "support": 452.0
        }
    }
}