{
    "roc_auc": 0.9205,
    "average_precision": 0.5816,
    "accuracy": 0.9066,
    "classification_report": {
        "0.0": {
            "precision": 0.9502427184466019,
            "recall": 0.9462235649546827,
            "f1-score": 0.9482288828337875,
            "support": 1655.0
        },
        "1.0": {
            "precision": 0.5136612021857924,
            "recall": 0.5340909090909091,
            "f1-score": 0.5236768802228412,
            "support": 176.0
        },
        "accuracy": 0.906608410704533,
        "macro avg": {
            "precision": 0.7319519603161971,
            "recall": 0.7401572370227959,
            "f1-score": 0.7359528815283143,
            "support": 1831.0
        },
        "weighted avg": {
            "precision": 0.9082774825853771,
            "recall": 0.906608410704533,
            "f1-score": 0.9074199519438221,
            "support": 1831.0
        }
    }
}