{
    "roc_auc": 0.6368,
    "average_precision": 0.2302,
    "accuracy": 0.8596,
    "classification_report": {
        "0.0": {
            "precision": 0.9241504854368932,
            "recall": 0.9202416918429003,
            "f1-score": 0.9221919467151075,
            "support": 1655.0
        },
        "1.0": {
            "precision": 0.2786885245901639,
            "recall": 0.2897727272727273,
            "f1-score": 0.2841225626740947,
            "support": 176.0
        },
        "accuracy": 0.8596395412342982,
        "macro avg": {
            "precision": 0.6014195050135285,
            "recall": 0.6050072095578138,
            "f1-score": 0.6031572546946011,
            "support": 1831.0
        },
        "weighted avg": {
            "precision": 0.8621071729797526,
            "recall": 0.8596395412342982,
            "f1-score": 0.860859226020832,
            "support": 1831.0
        }
    }
}