{
    "roc_auc": 0.7877,
    "average_precision": 0.4317,
    "accuracy": 0.8957,
    "classification_report": {
        "0.0": {
            "precision": 0.9441747572815534,
            "recall": 0.9401812688821752,
            "f1-score": 0.9421737814108386,
            "support": 1655.0
        },
        "1.0": {
            "precision": 0.45901639344262296,
            "recall": 0.4772727272727273,
            "f1-score": 0.467966573816156,
            "support": 176.0
        },
        "accuracy": 0.8956854178044784,
        "macro avg": {
            "precision": 0.7015955753620882,
            "recall": 0.7087269980774513,
            "f1-score": 0.7050701776134973,
            "support": 1831.0
        },
        "weighted avg": {
            "precision": 0.8975402012817436,
            "recall": 0.8956854178044784,
            "f1-score": 0.896591876147778,
            "support": 1831.0
        }
    }
}