{
    "roc_auc": 0.7794,
    "average_precision": 0.3572,
    "accuracy": 0.8798,
    "classification_report": {
        "0.0": {
            "precision": 0.9351121892055791,
            "recall": 0.9317220543806647,
            "f1-score": 0.9334140435835351,
            "support": 1655.0
        },
        "1.0": {
            "precision": 0.3791208791208791,
            "recall": 0.39204545454545453,
            "f1-score": 0.3854748603351955,
            "support": 176.0
        },
        "accuracy": 0.8798470780993992,
        "macro avg": {
            "precision": 0.6571165341632291,
            "recall": 0.6618837544630596,
            "f1-score": 0.6594444519593653,
            "support": 1831.0
        },
        "weighted avg": {
            "precision": 0.8816690048391634,
            "recall": 0.8798470780993992,
            "f1-score": 0.8807448484706416,
            "support": 1831.0
        }
    }
}