{
    "roc_auc": 0.8365,
    "average_precision": 0.2795,
    "accuracy": 0.895,
    "classification_report": {
        "0": {
            "precision": 0.9625,
            "recall": 0.924,
            "f1-score": 0.9428571428571428,
            "support": 1500.0
        },
        "1": {
            "precision": 0.2875,
            "recall": 0.46,
            "f1-score": 0.35384615384615387,
            "support": 100.0
        },
        "accuracy": 0.895,
        "macro avg": {
            "precision": 0.625,
            "recall": 0.6920000000000001,
            "f1-score": 0.6483516483516484,
            "support": 1600.0
        },
        "weighted avg": {
            "precision": 0.9203125,
            "recall": 0.895,
            "f1-score": 0.906043956043956,
            "support": 1600.0
        }
    }
}