{
    "roc_auc": 0.5375,
    "average_precision": 0.0744,
    "accuracy": 0.8562,
    "classification_report": {
        "0": {
            "precision": 0.9409722222222222,
            "recall": 0.9033333333333333,
            "f1-score": 0.9217687074829932,
            "support": 1500.0
        },
        "1": {
            "precision": 0.09375,
            "recall": 0.15,
            "f1-score": 0.11538461538461539,
            "support": 100.0
        },
        "accuracy": 0.85625,
        "macro avg": {
            "precision": 0.5173611111111112,
            "recall": 0.5266666666666666,
            "f1-score": 0.5185766614338043,
            "support": 1600.0
        },
        "weighted avg": {
            "precision": 0.8880208333333333,
            "recall": 0.85625,
            "f1-score": 0.8713697017268446,
            "support": 1600.0
        }
    }
}