{
    "roc_auc": 0.6778,
    "average_precision": 0.116,
    "accuracy": 0.865,
    "classification_report": {
        "0": {
            "precision": 0.9458333333333333,
            "recall": 0.908,
            "f1-score": 0.926530612244898,
            "support": 1500.0
        },
        "1": {
            "precision": 0.1375,
            "recall": 0.22,
            "f1-score": 0.16923076923076924,
            "support": 100.0
        },
        "accuracy": 0.865,
        "macro avg": {
            "precision": 0.5416666666666666,
            "recall": 0.5640000000000001,
            "f1-score": 0.5478806907378336,
            "support": 1600.0
        },
        "weighted avg": {
            "precision": 0.8953125,
            "recall": 0.865,
            "f1-score": 0.8791993720565149,
            "support": 1600.0
        }
    }
}